{
    "requiresCompatibilities": [
        "FARGATE"
    ],
    "inferenceAccelerators": [],
    "containerDefinitions": [
        {
            "name": "fh-cloud-app-container",
            "image": "fh-cloud-app-repository:00000",
            "resourceRequirements": null,
            "essential": true,
            "portMappings": [
                {
                    "containerPort": "80",
                    "protocol": "tcp"
                }
            ]
        }
    ],
    "volumes": [],
    "networkMode": "awsvpc",
    "memory": "512",
    "cpu": "256",
    "executionRoleArn": "arn:aws:iam::112567001577:role/fh-cloud-app-execution-role",
    "family": "fh-cloud-app-task-definition",
    "taskRoleArn": "",
    "placementConstraints": []
}